model_id,params_b,active_params_b,dtype,layers,kv_heads,head_dim,is_moe,context_max,source_id,credibility,fetched_at,note
Qwen2.5-7B,7.6,7.6,bf16,28,4,128,False,32768,H1,secondary,2026-10-03,公开模型卡
Qwen2.5-14B,14.8,14.8,bf16,48,8,128,False,32768,H1,secondary,2026-10-03,公开模型卡
Qwen2.5-32B,32.8,32.8,bf16,64,8,128,False,32768,H1,secondary,2026-10-03,公开模型卡
Qwen2.5-72B,72.3,72.3,bf16,80,8,128,False,32768,H1,secondary,2026-10-03,公开模型卡
DeepSeek-V3,671.0,37.0,fp8,61,128,128,True,65536,H2,secondary,2026-10-03,MoE 架构，激活参数远小于总量
DeepSeek-R1-Distill-Qwen-14B,14.8,14.8,bf16,48,8,128,False,32768,H2,secondary,2026-10-03,蒸馏模型
Mixtral-8x7B,46.7,12.9,bf16,32,8,128,True,32768,H3,secondary,2026-10-03,Mistral 官方 MoE
Llama-3-8B,8.0,8.0,bf16,32,8,128,False,8192,H4,secondary,2026-10-03,Meta 官方
Llama-3-70B,70.6,70.6,bf16,80,8,128,False,8192,H4,secondary,2026-10-03,Meta 官方
